{"noiseKey":{"private":{"type":"Buffer","data":"4FZW2GH9ZIXzppIZDPYWf8GBTGkQqFeFq3qvfDv3J0Q="},"public":{"type":"Buffer","data":"/35z4/iRCfiKHgvbhvEJIVAvnaVTRxkY8JE0CcdZ31E="}},"pairingEphemeralKeyPair":{"private":{"type":"Buffer","data":"eLqAVTg/Z1277LSZXTqpX9inAhk6e5VQp4qV0EmWGHk="},"public":{"type":"Buffer","data":"I5nV2rwXod43SXURdjayknWX2eMINi/Mv4U0naz8RG8="}},"signedIdentityKey":{"private":{"type":"Buffer","data":"OBBXBWMl9Uq+kGSRCmzwy4KqTZiXm1/BidbYiJnuM0s="},"public":{"type":"Buffer","data":"WPm5HLug842q2yDpSeRKi2AOMW4D7+LUim0eknyHyCs="}},"signedPreKey":{"keyPair":{"private":{"type":"Buffer","data":"kPI+4APp4Nt5ff44gdaV64nUp3pVzuzfOvsIZcK1AFk="},"public":{"type":"Buffer","data":"kRwZxzUBjY79AZatEJ0Z5PaLqSJokrGeu+/SrVB49Ww="}},"signature":{"type":"Buffer","data":"QgC4vyg3I8w5W1MNFMFw1RZxZZKkNn9UargmUjHJi9MGtfTqCINNIFaxxlAI86Zgr7YAHIsUPmQ5g/ax9piLjg=="},"keyId":1},"registrationId":7,"advSecretKey":"OfNtVkFc9LjMthcZ37B6IzMt5oh1aErf9wXGcR761Vw=","processedHistoryMessages":[{"key":{"remoteJid":"558699706879@s.whatsapp.net","fromMe":false,"id":"ACC004AFF06D1F4A37B5A6F465FE5D07","participant":"","addressingMode":"pn"},"messageTimestamp":1761806035},{"key":{"remoteJid":"558699706879@s.whatsapp.net","fromMe":false,"id":"ACA2AED860608762705EACA7134881C5","participant":"","addressingMode":"pn"},"messageTimestamp":1761806036},{"key":{"remoteJid":"558699706879@s.whatsapp.net","fromMe":false,"id":"ACC8B3630B1D3D9AF5FFF1DF3F5BDD33","participant":"","addressingMode":"pn"},"messageTimestamp":1761806067},{"key":{"remoteJid":"558699706879@s.whatsapp.net","fromMe":false,"id":"ACB1B7B4BFE9458FA315F3759620D396","participant":"","addressingMode":"pn"},"messageTimestamp":1761806067},{"key":{"remoteJid":"558699706879@s.whatsapp.net","fromMe":false,"id":"ACBF5380197A05DD430166C33542BB6F","participant":"","addressingMode":"pn"},"messageTimestamp":1761806103},{"key":{"remoteJid":"558699706879@s.whatsapp.net","fromMe":false,"id":"ACC4424627FE6099383FE6615D288D86","participant":"","addressingMode":"pn"},"messageTimestamp":1761806104}],"nextPreKeyId":1143,"firstUnuploadedPreKeyId":1143,"accountSyncCounter":2,"accountSettings":{"unarchiveChats":false},"registered":false,"account":{"details":"CIzipNYBEJiNjMgGGAEgACgA","accountSignatureKey":"aKv9eQzliZC2Wq7S+aAbXcbl1skhLotBz0tT2FdCMVw=","accountSignature":"X6hCQ4pDQp1T6JeFSPkia9gkBfMDU+tWWgGQFHfK0LVxSOoTKes7kp4EcbZN5qBBJPZMN42ctG99LzCHdUD7Dg==","deviceSignature":"yEgPKCO56DGQRHEDdbxFqCy2oBPHFE9ulRoXxIzygt7ZefjBRfpZAlDxkubjzh8jKk1HG98RhYQ+Ss9efqqcgg=="},"me":{"id":"558699706879:9@s.whatsapp.net","lid":"270433320468577:9@lid","name":"werbert_ofc"},"signalIdentities":[{"identifier":{"name":"270433320468577:9@lid","deviceId":0},"identifierKey":{"type":"Buffer","data":"BWir/XkM5YmQtlqu0vmgG13G5dbJIS6LQc9LU9hXQjFc"}}],"platform":"android","routingInfo":{"type":"Buffer","data":"CAgIBQ=="},"lastAccountSyncTimestamp":1761806189,"lastPropHash":"1K4hH4"}